index,interest_weight,departure_weight
0,75,10
1,67,15
2,26,22
3,44,17
4,38,9
5,74,7
6,67,8
7,78,14
8,52,8
9,82,9
10,32,21
11,85,13
12,73,17
13,56,7
14,73,10
15,37,18
16,65,10
17,57,8
18,68,6
19,73,16
20,46,7
21,81,10
22,83,7
23,62,16
24,45,18
25,56,12
26,37,12
27,72,13
28,56,12
29,72,14
30,50,9
31,47,15
32,49,6
33,44,10
34,52,13
35,42,11
36,58,16
37,46,12
38,50,9
39,49,11
40,63,8
41,82,7
42,49,5
43,83,11
44,71,14
45,50,11
46,35,9
47,88,16
48,82,7
49,60,5
50,64,15
51,51,11
52,57,14
53,45,15
54,53,14
55,29,23
56,20,35
57,66,9
58,32,17
59,58,12
60,70,9
61,42,14
62,23,29
63,39,17
64,56,10
65,41,11
66,64,5
67,76,13
68,57,11
69,69,9
70,44,13
71,77,8
72,78,10
73,79,12
74,40,13
75,48,18
76,47,7
77,58,3
78,24,28
79,67,9
80,50,11
81,73,11
82,29,13
83,33,27
84,43,9
85,32,18
86,31,24
87,96,15
88,61,13
89,64,5
90,67,8
91,56,7
92,39,19
93,32,12
94,70,12
95,47,13
96,91,10
97,75,6
98,33,16
99,35,23
100,53,8
101,53,9
102,39,13
103,61,13
104,73,7
105,58,12
106,25,30
107,72,11
108,78,6
109,69,8
110,62,13
111,64,7
112,72,5
113,47,15
114,92,12
115,84,9
116,58,11
117,57,12
118,60,7
119,64,10
120,35,19
121,68,13
122,64,13
123,69,4
124,70,11
125,56,9
126,32,12
127,16,27
128,41,16
129,52,8
130,42,12
131,53,7
132,81,15
133,45,14
134,32,16
135,70,8
136,62,6
137,75,13
138,76,12
139,47,7
140,22,21
141,57,15
142,30,26
143,45,9
144,52,7
145,77,14
146,60,14
147,61,15
148,54,14
149,47,18
150,65,12
151,39,9
152,38,16
153,46,12
154,69,9
155,44,12
156,15,53
157,33,17
158,26,22
159,67,9
160,35,17
161,50,12
162,68,11
163,70,14
164,63,8
165,37,10
166,41,10
167,86,12
168,63,5
169,68,12
170,82,11
171,74,14
172,46,14
173,62,9
174,76,10
175,69,9
176,60,11
177,29,20
178,70,9
179,59,14
180,57,10
181,62,12
182,84,11
183,80,10
184,31,24
185,91,8
186,33,23
187,85,14
188,61,9
189,21,25
190,65,9
191,65,6
192,43,16
193,46,12
194,67,15
195,59,10
196,21,44
197,47,15
198,63,11
199,83,7
200,26,19
201,59,13
202,72,11
203,82,8
204,64,5
205,56,9
206,19,42
207,19,37
208,67,13
209,43,12
210,52,11
211,61,7
212,56,12
213,77,11
214,72,13
215,54,14
216,82,4
217,39,15
218,52,12
219,77,6
220,76,9
221,50,8
222,88,14
223,49,13
224,87,7
225,49,17
226,11,52
227,80,12
228,47,15
229,90,17
230,38,10
231,54,7
232,51,13
233,64,10
234,66,12
235,86,7
236,48,12
237,75,12
238,28,21
239,64,4
240,51,11
241,46,11
242,48,5
243,57,9
244,48,10
245,44,6
246,14,39
247,69,11
248,61,12
249,68,9
250,49,8
251,61,13
252,73,10
253,75,5
254,26,24
255,15,57
256,57,9
257,38,12
258,71,7
259,46,8
260,41,12
261,67,12
262,43,14
263,45,5
264,43,10
265,78,10
266,69,9
267,54,16
268,60,12
269,84,6
270,68,12
271,34,22
272,64,12
273,68,6
274,40,15
275,77,9
276,68,7
277,79,9
278,28,16
279,52,10
280,44,13
281,50,7
282,83,6
283,37,12
284,76,7
285,61,8
286,50,6
287,53,10
288,32,18
289,70,12
290,66,9
291,81,5
292,45,12
293,67,13
294,56,8
295,76,15
296,82,12
297,89,3
298,29,31
299,76,10
300,46,9
301,49,7
302,60,13
303,47,15
304,44,10
305,25,22
306,71,11
307,31,19
308,67,11
309,53,11
310,67,10
311,58,13
312,56,16
313,48,11
314,43,8
315,58,4
316,66,11
317,39,11
318,62,8
319,48,6
320,62,8
321,25,17
322,62,6
323,25,20
324,86,6
325,41,8
326,60,17
327,37,23
328,36,14
329,74,10
330,57,8
331,69,5
332,82,12
333,54,5
334,49,14
335,65,11
336,78,14
337,44,15
338,26,24
339,59,15
340,25,22
341,37,20
342,51,14
343,54,5
344,82,11
345,35,13
346,78,8
347,67,6
348,41,19
349,45,18
350,78,12
351,34,12
352,19,43
353,39,20
354,68,10
355,49,9
356,46,10
357,33,16
358,45,14
359,44,17
360,56,14
361,42,14
362,57,9
363,30,10
364,55,8
365,38,8
366,25,21
367,58,13
368,24,21
369,51,16
370,37,17
371,82,7
372,41,10
373,76,5
374,40,17
375,47,15
376,51,5
377,38,13
378,77,12
379,36,16
380,49,9
381,39,17
382,30,16
383,46,14
384,41,15
385,59,10
386,65,14
387,64,15
388,34,14
389,49,11
390,18,43
391,61,10
392,62,13
393,47,14
394,79,13
395,22,24
396,68,9
397,43,7
398,26,20
399,69,5
400,58,10
401,37,19
402,26,21
403,52,6
404,36,10
405,74,13
406,57,5
407,40,10
408,61,9
409,19,30
410,73,12
411,26,35
412,77,16
413,44,12
414,73,11
415,69,7
416,65,9
417,48,14
418,48,9
419,58,8
420,65,6
421,35,15
422,35,15
423,50,14
424,82,12
425,44,11
426,60,9
427,56,8
428,48,8
429,59,5
430,57,9
431,52,5
432,30,12
433,46,15
434,59,13
435,29,22
436,53,9
437,80,10
438,47,11
439,31,11
440,54,13
441,49,12
442,43,7
443,62,14
444,48,11
445,39,15
446,64,9
447,57,5
448,58,6
449,50,16
450,41,19
451,31,21
452,70,4
453,57,7
454,78,6
455,48,9
456,35,13
457,68,12
458,55,8
459,54,7
460,35,18
461,47,12
462,53,9
463,64,7
464,22,24
465,22,24
466,53,8
467,45,11
468,71,6
469,51,12
470,60,5
471,31,17
472,45,10
473,72,8
474,28,14
475,75,13
476,76,9
477,42,10
478,57,9
479,65,16
480,70,10
481,46,15
482,23,24
483,66,11
484,64,7
485,48,13
486,25,35
487,74,6
488,50,10
489,68,10
490,62,13
491,42,12
492,50,8
493,24,25
494,47,17
495,27,22
496,76,8
497,30,23
498,40,13
499,80,11
500,56,17
501,32,19
502,78,7
503,73,5
504,62,8
505,51,9
506,59,14
507,45,8
508,60,9
509,78,6
510,76,13
511,20,32
512,18,38
513,26,17
514,36,10
515,60,12
516,79,11
517,36,14
518,72,12
519,62,8
520,52,12
521,71,14
522,43,8
523,37,5
524,28,20
525,44,15
526,57,12
527,31,17
528,41,10
529,55,9
530,83,5
531,28,19
532,67,14
533,74,12
534,66,11
535,56,13
536,37,15
537,63,8
538,55,16
539,76,9
540,73,7
541,42,11
542,28,28
543,82,9
544,21,35
545,41,15
546,39,11
547,41,8
548,70,6
549,58,12
550,61,9
551,65,6
552,64,11
553,78,9
554,71,7
555,79,12
556,59,13
557,36,14
558,86,6
559,60,16
560,63,10
561,77,13
562,63,10
563,61,6
564,41,12
565,76,12
566,26,33
567,59,4
568,49,16
569,79,4
570,64,11
571,70,7
572,45,8
573,47,10
574,66,2
575,61,14
576,65,14
577,72,12
578,57,7
579,52,7
580,55,13
581,70,15
582,26,25
583,48,14
584,69,11
585,32,12
586,59,9
587,60,5
588,66,13
589,55,9
590,66,11
591,50,11
592,72,9
593,30,19
594,53,12
595,29,14
596,31,19
597,57,6
598,71,10
599,60,14
600,51,8
601,35,17
602,84,12
603,51,9
604,59,9
605,38,8
606,62,10
607,30,21
608,50,11
609,38,13
610,33,17
611,33,12
612,67,8
613,59,5
614,83,8
615,50,17
616,35,15
617,87,15
618,33,12
619,29,14
620,74,12
621,57,16
622,26,23
623,49,12
624,74,8
625,85,13
626,59,11
627,46,7
628,56,9
629,59,11
630,67,12
631,20,26
632,48,9
633,63,6
634,29,23
635,31,17
636,74,10
637,48,16
638,46,7
639,60,8
640,68,11
641,26,29
642,29,17
643,75,12
644,35,15
645,62,12
646,23,14
647,75,7
648,57,8
649,41,14
650,30,20
651,45,7
652,62,3
653,48,9
654,61,9
655,55,16
656,71,7
657,63,13
658,48,18
659,59,12
660,65,15
661,69,8
662,49,10
663,72,10
664,61,15
665,34,19
666,71,15
667,24,27
668,76,5
669,57,8
670,55,4
671,77,10
672,63,10
673,49,14
674,28,13
675,44,6
676,38,12
677,45,9
678,71,10
679,59,8
680,71,7
681,36,21
682,73,12
683,27,13
684,80,12
685,74,14
686,54,7
687,60,10
688,76,8
689,78,11
690,35,13
691,62,11
692,20,25
693,34,11
694,21,32
695,53,12
696,72,15
697,71,7
698,46,15
699,40,12
700,48,8
701,66,7
702,54,13
703,47,17
704,37,18
705,75,13
706,56,13
707,56,14
708,44,10
709,57,8
710,60,8
711,20,20
712,36,11
713,30,22
714,38,16
715,78,13
716,23,24
717,49,7
718,37,16
719,46,6
720,23,19
721,82,7
722,69,11
723,65,10
724,63,14
725,52,11
726,27,25
727,48,10
728,52,10
729,53,9
730,33,10
731,53,17
732,51,10
733,45,9
734,44,14
735,53,10
736,63,7
737,85,10
738,60,14
739,56,9
740,49,12
741,61,9
742,76,10
743,27,23
744,19,42
745,52,11
746,45,12
747,53,10
748,62,6
749,35,23
750,60,9
751,47,15
752,20,28
753,54,11
754,72,7
755,27,18
756,65,15
757,59,14
758,37,17
759,40,11
760,26,30
761,57,13
762,48,13
763,55,13
764,34,16
765,47,9
766,31,22
767,21,33
768,28,24
769,53,14
770,61,8
771,61,11
772,41,10
773,84,14
774,20,29
775,49,14
776,44,6
777,24,21
778,81,10
779,44,18
780,66,13
781,38,11
782,73,13
783,76,4
784,59,12
785,44,15
786,34,15
787,31,16
788,38,17
789,30,20
790,24,15
791,79,5
792,65,9
793,44,14
794,75,8
795,42,13
796,15,32
797,37,19
798,58,10
799,46,15
800,17,23
801,49,12
802,47,11
803,55,15
804,40,23
805,50,13
806,79,5
807,72,6
808,69,13
809,37,17
810,48,11
811,78,12
812,72,4
813,65,9
814,64,11
815,48,12
816,48,6
817,36,11
818,54,8
819,50,13
820,37,20
821,56,9
822,31,23
823,13,37
824,29,13
825,65,11
826,39,19
827,30,21
828,41,16
829,55,9
830,45,13
831,67,11
832,53,14
833,34,11
834,57,12
835,66,14
836,53,7
837,51,6
838,41,15
839,31,15
840,48,14
841,54,6
842,63,7
843,36,18
844,54,7
845,24,16
846,71,15
847,42,13
848,78,8
849,32,21
850,57,8
851,54,7
852,64,12
853,78,4
854,38,11
855,62,13
856,38,15
857,55,10
858,59,8
859,66,9
860,21,30
861,49,11
862,18,30
863,44,18
864,28,28
865,21,31
866,60,8
867,21,26
868,42,15
869,56,9
870,36,11
871,25,33
872,54,17
873,55,13
874,39,16
875,50,13
876,81,6
877,46,9
878,66,8
879,63,14
880,21,32
881,63,11
882,47,17
883,43,11
884,64,9
885,35,13
886,32,12
887,66,14
888,74,8
889,66,14
890,51,7
891,71,9
892,57,7
893,54,12
894,42,10
895,54,12
896,19,31
897,78,7
898,32,12
899,76,13
900,69,13
901,27,23
902,34,17
903,53,6
904,49,5
905,70,3
906,43,15
907,46,9
908,59,14
909,68,13
910,36,17
911,54,13
912,69,13
913,52,13
914,50,16
915,22,31
916,61,14
917,29,17
918,68,12
919,35,22
920,66,9
921,55,9
922,52,11
923,55,13
924,51,9
925,56,11
926,58,8
927,62,14
928,65,9
929,45,21
930,42,14
931,34,9
932,71,4
933,63,14
934,66,7
935,67,14
936,41,12
937,22,32
938,48,15
939,32,13
940,66,5
941,63,10
942,40,8
943,76,12
944,32,21
945,18,40
946,46,9
947,35,20
948,33,17
949,18,31
950,36,12
951,45,10
952,53,8
953,89,6
954,38,17
955,38,11
956,42,10
957,74,11
958,74,11
959,41,8
960,63,4
961,44,8
962,73,11
963,45,9
964,38,11
965,68,15
966,35,13
967,47,11
968,65,16
969,32,16
970,64,6
971,35,24
972,46,11
973,24,22
974,63,13
975,36,18
976,64,7
977,53,7
978,64,8
979,83,13
980,77,14
981,36,12
982,36,9
983,31,20
984,30,19
985,79,15
986,36,12
987,35,12
988,75,14
989,50,11
990,46,15
991,70,7
992,33,21
993,46,12
994,32,16
995,40,12
996,30,23
997,36,9
998,44,10
999,24,28
