x,y,external_speed,id
-327.738,79.7343,15,0
346.203,-153.816,20,1
-1576.86,-426.895,22,2
744.506,911.203,24,3
-811.73,-844.412,18,4
192.455,159.032,18,5
201.63,-399.997,17,6
35.3815,123.19,14,7
218.327,690.669,16,8
-64.6656,-58.4423,7,9
1383.64,621.242,25,10
-171.027,-63.9191,14,11
242.449,304.674,13,12
466.142,705.152,12,13
355.888,87.0702,7,14
861.249,905.495,15,15
509.267,-106.436,12,16
389.962,685.324,13,17
9.76438,359.125,19,18
-54.3256,-259.243,17,19
398.032,-816.415,15,20
-28.2426,-145.874,17,21
58.9232,-124.986,9,22
-122.053,685.838,15,23
-114.278,1021.84,19,24
-179.444,589.62,16,25
-1334.41,211.538,21,26
-83.2504,-229.448,16,27
-227.921,603.835,16,28
-212.096,194.83,12,29
496.527,732.355,23,30
-775.133,-564.614,15,31
519.742,647.607,22,32
-1162.21,287.084,12,33
426.19,781.157,15,34
-447.23,947.317,21,35
-747.568,-101.416,13,36
804.07,51.5423,17,37
-700.801,470.277,21,38
-178.38,-895.473,15,39
-571.992,127.73,18,40
-52.777,16.6399,7,41
-245.937,-694.503,13,42
-163.457,55.3805,12,43
411.696,229.129,11,44
765.337,507.2,21,45
-519.188,1162.08,14,46
-40.9837,47.0054,11,47
205.034,24.6422,12,48
-456.693,400.634,21,49
625.339,-80.2878,15,50
458.981,-741.493,17,51
327.576,687.955,14,52
-299.36,-855.106,19,53
-665.514,180.778,10,54
-1806.38,38.9804,15,55
1436.23,-1704.67,16,56
-411.579,-350.614,19,57
-690.988,1273.66,13,58
-159.207,553.795,10,59
362.479,198.694,21,60
-388.412,983.09,11,61
-1739.9,805.677,24,62
548.972,1213.83,16,63
90.7732,-722.986,17,64
819.239,-713.077,20,65
469.125,-174.903,15,66
-245.293,-24.9912,12,67
447.005,372.094,19,68
-417.405,-36.5146,17,69
-715.449,-820.833,15,70
131.05,122.167,12,71
46.6015,-320.354,18,72
109.528,-204.314,11,73
-961.657,715.139,13,74
-1065.7,220.113,23,75
-182.7,1003.54,11,76
-510.733,188.407,17,77
-1766.64,657.49,20,78
-408.789,366.705,9,79
807.989,639.412,21,80
415.524,109.024,20,81
1106.82,-1143.15,21,82
88.1291,1688.97,14,83
-812.672,566.601,15,84
-109.737,-1571.29,20,85
345.576,-1667.97,15,86
-2.77125,-4.77931,15,87
454.322,128.897,17,88
302.125,-414.245,14,89
-485.52,317.431,16,90
720.621,-160.444,16,91
-674.321,869.833,23,92
-493.498,-1229.71,21,93
-11.0615,-274.223,15,94
-107.006,842.585,16,95
54.787,-22.898,11,96
-26.8732,-207.631,9,97
-675.962,-1438.2,19,98
-720.322,-1302.14,17,99
766.115,367.03,21,100
-813.626,452.492,22,101
-286.732,1062.33,15,102
429.458,297.562,21,103
-284.109,-160.906,13,104
532.803,-2.15321,10,105
1290.37,1598,27,106
236.458,159.525,13,107
-85.2438,98.6964,12,108
-357.612,180.146,16,109
398.304,-321.983,18,110
312.917,-365.298,19,111
344.832,168.088,14,112
-1017.15,226.947,11,113
-43.4026,-31.3178,10,114
139.54,-112.102,13,115
142.553,-637.343,20,116
778.073,185.164,19,117
548.244,481.39,17,118
-469.391,-317.793,20,119
-446.889,1216.22,19,120
210.307,-443.119,17,121
-529.856,85.6374,13,122
-59.5285,-394.522,7,123
166.46,-210.841,15,124
550.241,118.772,9,125
-574.68,-1176.41,23,126
1598.89,-1314.21,19,127
962.005,780.876,23,128
403.625,-659.814,10,129
442.975,-1212.1,13,130
420.962,647.007,20,131
-104.286,150.619,10,132
-140.494,949.181,12,133
-1511.95,-520.119,20,134
-122.16,450.846,12,135
654.885,102.524,9,136
-143.346,-272.377,18,137
-287.839,-90.6153,18,138
722.007,579.944,13,139
-1411.18,1035.44,18,140
553.886,540.693,18,141
-1639.98,-705.715,21,142
831.037,-801.138,20,143
665.974,136.283,11,144
-226.653,-120.45,17,145
333.68,-547.812,9,146
-218.21,-541.646,20,147
549.158,369.868,20,148
382.93,1038.87,17,149
-303.263,448.3,18,150
-1039.77,579.293,21,151
488.273,1174.15,23,152
-944.678,-148.334,21,153
426.362,-51.5198,18,154
897.543,706.004,24,155
-571.101,2489.34,24,156
-1339.82,370.432,14,157
-1734.97,-90.0952,26,158
-10.5978,-498.294,20,159
1110.25,-1052.96,15,160
-801.204,-397.182,13,161
343.83,1.63206,18,162
-383.507,-286.882,20,163
-486.837,40.5333,7,164
1100.6,-371.966,22,165
1105.37,283.88,23,166
11.1007,-206.11,8,167
-186.91,452.897,14,168
183.162,456.844,14,169
5.2076,-66.0393,7,170
-258.725,290.42,15,171
-841.006,-306.121,11,172
271.247,552.765,13,173
209.798,-51.3423,14,174
-514.811,5.85256,10,175
-260.537,508.215,14,176
1268.51,574.355,12,177
393.111,47.1384,16,178
37.3226,613.396,8,179
-452.517,-600.742,10,180
775.291,11.4867,14,181
119.417,-88.7976,9,182
49.0797,-235.181,12,183
725.939,1466.96,21,184
70.4118,53.0578,10,185
-1428.35,-548.485,26,186
18.364,21.5762,16,187
-31.1033,-595.911,19,188
-1156.6,-1253.5,21,189
322.976,315.536,20,190
-517.54,273.078,17,191
188.442,1011.66,15,192
-958.339,512.116,13,193
133.372,-580.786,19,194
531.426,175.506,12,195
-1956.78,-1201.05,25,196
72.077,-953.057,19,197
-413.021,-141.848,15,198
-81.7324,54.827,10,199
1104.72,-1367.98,17,200
-626.026,-343.623,18,201
40.156,-388.526,7,202
27.6299,181.859,16,203
392.264,192.072,15,204
-746.792,-465.197,19,205
-971.587,2026.74,25,206
1109.33,-1714.57,26,207
-485.761,-28.4556,13,208
-1041.76,173.846,21,209
814.175,-418.224,11,210
206.675,566.386,12,211
315.219,629.421,19,212
208.635,-226.756,7,213
-123.78,-326.555,8,214
525.585,-646.499,20,215
110.997,6.33378,15,216
-539.886,-1192.43,17,217
319.056,-611.779,17,218
-117.395,254.687,7,219
220.007,248.239,17,220
-897.662,71.2627,12,221
-14.6323,78.0786,8,222
-443.058,758.115,16,223
163.686,-36.7278,14,224
-821.301,722.647,11,225
-1547.88,1966.41,17,226
65.4335,190.446,15,227
-798.097,-618.577,12,228
-95.394,-22.5784,9,229
-974.812,860.209,18,230
-657.879,-91.8601,22,231
696.337,-484.343,19,232
443.918,-387.78,18,233
581.303,-25.4247,11,234
-13.4344,-40.8917,12,235
452.198,843.24,16,236
-220.714,-177.388,6,237
-1585.51,242.915,17,238
-372.951,397.906,18,239
-980.769,-26.5742,18,240
850.559,-94.7429,13,241
-180.767,833.332,22,242
-344.532,643.079,9,243
-567.059,595.239,17,244
925.631,68.1651,20,245
1160.83,1908.45,21,246
-21.8901,467.935,20,247
-146.544,510.092,8,248
114.289,-344.512,14,249
199.891,-786.761,13,250
-667.2,-23.6632,11,251
-245.847,196.812,6,252
-63.2515,222.764,19,253
-363.181,1821.3,18,254
2339,1288.58,27,255
-499.511,504.608,21,256
1231.08,-94.567,20,257
-206.963,-416.879,13,258
-277.258,-930.273,10,259
153.042,1232.71,16,260
-383.702,-133.839,10,261
-1084.93,303.22,15,262
654.83,-640.926,11,263
679.075,822.537,20,264
20.2614,-297.549,16,265
-46.8251,410.138,18,266
-64.2936,805.222,19,267
249.656,509.252,10,268
-114.114,-99.3948,14,269
18.4007,-538.186,17,270
1429.4,271.758,20,271
-600.404,117.641,12,272
120.88,360.228,13,273
381.43,-984.549,14,274
-57.8443,183.344,11,275
-240.597,-481.999,10,276
63.6763,232.66,8,277
-1397.27,-143.014,13,278
607.65,439.711,22,279
-388.075,-1020.3,17,280
578.314,-762.657,12,281
-75.8324,-94.5701,6,282
-1062.81,-130.563,16,283
-152.414,297.844,18,284
335.647,408.186,20,285
-373.495,713.404,22,286
565.302,-326.896,12,287
1147.11,-1065.36,13,288
-15.1507,-333.912,9,289
-63.1042,371.52,19,290
83.1594,19.7524,9,291
742.578,-662.158,17,292
-460.848,-272.395,16,293
-608.14,335.501,19,294
-166.062,-240.066,9,295
81.8571,-243.13,18,296
-11.2516,33.6881,11,297
1347.1,1273.35,24,298
-395.604,-74.3673,7,299
-866.673,-703.695,14,300
-560.778,712.864,10,301
-501.789,364.128,12,302
-887.175,-733.823,18,303
-489.626,-935.389,19,304
-1441.06,1020.37,22,305
316.344,237.767,11,306
1079.8,-1232.51,24,307
233.434,380.799,8,308
272.587,764.884,13,309
419.935,-148.795,15,310
-707.96,-151.188,14,311
-25.6764,754.756,20,312
-666.295,-467.473,16,313
279.975,-851.609,11,314
464.8,527.494,20,315
352.478,-194.729,19,316
379.435,-1215.67,23,317
-367.932,74.7142,17,318
-479.26,-706.404,9,319
-333.574,-402.305,11,320
1571.12,724.416,20,321
72.2481,482.119,14,322
-807.291,-1351.13,12,323
-143.018,19.7348,14,324
996.906,-38.2846,13,325
-22.5392,598.669,15,326
1243.46,-746.821,24,327
1034.76,-813.607,11,328
276.507,158.583,19,329
-540.93,-529.93,18,330
-459.237,-235.918,16,331
33.6904,48.834,8,332
727.321,157.737,14,333
-938.097,18.883,15,334
-495.864,-397.036,12,335
-138.407,-18.9302,18,336
-944.655,620.876,21,337
-1712.73,-268.565,22,338
-406.405,528.832,8,339
1130.33,-1408.01,21,340
-45.4528,-1239.76,11,341
151.399,-808.43,13,342
682.14,166.065,19,343
8.8813,109.01,6,344
1418.91,432.062,21,345
350.889,-42.1144,13,346
546.612,-206.752,18,347
1132.97,-637.342,17,348
673.648,-863.123,18,349
-90.5365,237.736,9,350
-741.979,1261.36,12,351
-1472.26,1666.73,29,352
1218.24,310.688,14,353
-100.891,387.134,19,354
-984.713,244.744,19,355
-984.273,298.407,20,356
-1256.15,-378.089,22,357
439.107,994.891,12,358
1113.67,-183.747,15,359
419.738,594.928,20,360
-874.124,702.501,17,361
226.305,-521.96,9,362
-51.2353,-1299.55,19,363
655.32,-543.451,14,364
-945.815,-724.557,11,365
-475.807,-1569.58,17,366
-489.739,-619.682,13,367
1330.23,-1121.48,14,368
326.099,851.409,19,369
737.59,-1309.9,14,370
82.3976,-38.5717,19,371
-353.535,992.384,22,372
-126.872,117.884,11,373
1181.72,91.4711,19,374
-459.027,885.03,22,375
-515.182,678.969,12,376
503.626,1203.91,20,377
136.024,-154.185,19,378
950.425,753.067,16,379
-618.877,895.342,14,380
-411.957,1059.95,18,381
-1392.09,-627.503,20,382
-994.645,-173.199,16,383
1052.26,-210.99,11,384
112.112,-645.811,18,385
-240.543,403.564,10,386
387.857,-253.97,8,387
473.197,1428.09,17,388
134.505,748.617,14,389
-1980.94,-1256.23,20,390
490.153,-424.894,19,391
580.362,269.359,21,392
-409.141,-771.049,17,393
260.436,108.971,10,394
-482.077,1682.88,24,395
-360.471,-167.266,15,396
970.914,-536.982,16,397
-1450.6,-785.597,22,398
33.4687,337.601,14,399
544.593,251.205,9,400
-1342.7,-43.3836,15,401
-1403.46,-890.359,14,402
737.272,-330.229,16,403
454.011,-1138.63,21,404
-246.143,35.1412,16,405
-652.988,-246.428,16,406
-910.522,783.78,19,407
-596.089,-237.418,16,408
1430.59,1477.4,24,409
159.881,-361.194,19,410
1320.49,-1485.81,18,411
-292.483,255.235,14,412
42.2386,898.585,14,413
133.625,-279.836,20,414
-103.102,320.707,16,415
-125.77,480.812,16,416
-516.88,-699.25,10,417
363.876,-718.513,9,418
-86.9058,-690.458,12,419
-554.557,-167.323,11,420
104.964,1392.69,21,421
-423.458,1317.72,12,422
-720.09,-342.863,10,423
125.539,-57.8129,12,424
307.889,-911.74,14,425
-468.082,-534.124,19,426
519.137,537.946,15,427
-933.982,93.9723,10,428
433.59,-508.344,9,429
-416.618,-485.132,16,430
-174.799,683.585,8,431
-995.557,1119.05,17,432
391.994,-949.137,18,433
672.736,227.987,10,434
-55.607,-1452.28,24,435
860.066,-507.708,22,436
174.438,-163.457,12,437
-446.973,1003.91,15,438
1309.37,450.314,24,439
-530.644,547.512,16,440
998.531,348.825,10,441
771.406,610.773,11,442
-346.811,-665.317,11,443
-533.462,-625.219,22,444
-1176.74,186.916,20,445
-392.839,299.409,16,446
-426.738,425.535,13,447
-579.218,275.655,13,448
263.406,-1026.72,14,449
-1009.62,-564.027,13,450
1048.74,-1293.74,23,451
374.375,-4.19473,13,452
-398.143,-382.301,19,453
276.278,-74.1704,6,454
-379.453,762.099,15,455
-1193.19,702.335,19,456
472.044,-232.204,17,457
-462.115,-662.89,17,458
-746.364,433.595,22,459
205.094,1313.63,14,460
466.366,-969.458,12,461
-672.707,-361.867,18,462
258.291,424.003,9,463
597.907,-1823.47,18,464
-591.124,-1714.96,15,465
477.934,622.201,20,466
1098.48,-100.799,17,467
281.88,-30.5425,10,468
-755.733,-413.674,17,469
666.48,-292.829,17,470
1531.27,622.257,25,471
214.337,-1080.57,21,472
224.26,-1.2095,11,473
-1249.11,403.287,16,474
283.002,269.242,7,475
79.7731,-177.596,9,476
-918.919,191.396,18,477
-268.917,-538.621,8,478
493.532,136.834,8,479
-302.036,328.243,18,480
956.795,-579.218,20,481
822.159,-1799.91,15,482
188.895,-320.37,12,483
52.5556,-416.34,15,484
-962.095,187.244,21,485
1736.46,1385.25,24,486
-251.538,254.522,10,487
-886.71,486.32,21,488
-210.618,358.656,9,489
244.735,-597.853,11,490
-957.755,-426.094,12,491
57.6809,-780.303,21,492
-1643.25,524.429,26,493
623.897,-742.359,21,494
-638.834,1645.69,19,495
-325.509,-65.1492,9,496
-1468.63,-3.54949,22,497
-1090.27,370.591,19,498
168.035,119.75,11,499
-651.313,-661.9,18,500
1311.64,-384.208,23,501
203.213,96.5873,9,502
188.559,-131.603,17,503
-475.033,71.4191,13,504
-701.993,-202.648,16,505
102.427,677.811,13,506
-400.595,856.511,16,507
469.299,-478.31,11,508
-5.53574,-169.247,18,509
-142.902,-161.117,15,510
1137.07,-1637.76,22,511
1464.56,1696.05,27,512
-1176.46,-840.9,22,513
-660.405,-1130.4,11,514
329.335,492.704,11,515
-215.547,38.0877,14,516
842.431,-977.126,14,517
-16.0492,330.084,17,518
-16.9743,553.568,13,519
220.447,742.335,18,520
247.845,-280.574,20,521
-1094.34,141.993,16,522
-1109.25,42.8642,22,523
277.775,-1423.86,19,524
-329.67,-893.2,18,525
-245.05,-798.246,10,526
-659.808,1218.42,24,527
1021.71,-588.601,12,528
476.686,345.582,13,529
-66.4121,147.76,16,530
-50.6115,-1646.71,20,531
-110.082,-453.779,10,532
-144.577,234.862,18,533
419.229,325.839,15,534
595.45,35.7995,13,535
840.383,802.441,15,536
-609.273,179.418,8,537
-793.254,-115.507,13,538
82.3071,-314.354,13,539
-302.873,-277.673,20,540
-157.163,1049.44,22,541
1490.42,-915.767,18,542
-123.81,-64.3957,17,543
-2067.85,275.916,26,544
1150.63,-310.699,22,545
-782.766,-768.486,15,546
-248.805,1141.55,16,547
334.846,-263.198,7,548
-87.6452,588.951,13,549
-607.451,2.12857,18,550
-350.206,293.96,19,551
-209.256,534.663,16,552
-194.08,-125.296,17,553
407.132,-17.75,10,554
-121.144,-139.625,14,555
-684.544,-109.973,14,556
249.252,-1388.44,17,557
28.4904,-38.3965,18,558
434.421,480.094,15,559
494.487,221.653,12,560
-231.624,83.8813,7,561
501.256,-10.3073,10,562
-93.2561,675.209,15,563
-970.977,-642.019,18,564
78.4956,140.226,10,565
1149.92,1581.46,22,566
-510.999,-134.314,12,567
-415.654,-800.889,16,568
-185.795,108.096,10,569
-297.652,396.638,9,570
-208.439,285.263,17,571
-329.182,911.075,16,572
757.251,-524.776,13,573
488.033,96.3511,17,574
702.045,-4.79925,9,575
179.498,-588.852,11,576
240.196,82.9505,13,577
434.756,-298.378,19,578
432.01,-700.711,14,579
-77.5736,-744.782,10,580
278.177,-164.379,6,581
267.713,-1723.75,23,582
-208.909,1045.46,16,583
-221.056,-378.284,9,584
-1268.94,247.264,22,585
-342.214,429.078,14,586
579.203,412.132,13,587
79.5295,560.115,15,588
863.24,64.8639,14,589
11.8595,481.269,16,590
553.567,-485.976,9,591
110.247,182.687,17,592
-129.669,1365.41,15,593
-165.03,731.109,18,594
-426.189,1243.86,22,595
332.553,-1283.96,11,596
57.8066,-648.432,19,597
-411.631,145.982,12,598
-320.224,543.593,20,599
-798.62,-348.033,19,600
356.719,1359.41,21,601
68.6207,-85.5141,13,602
363.573,755.56,18,603
-73.4481,739.756,15,604
192.727,1042.57,15,605
624.679,233.263,14,606
-576.867,-1396.68,14,607
-671.494,485.63,17,608
983.346,-403.856,11,609
1220.95,-896.187,23,610
1364.82,-83.7979,16,611
-461.77,-80.0739,17,612
586.491,356.79,15,613
-56.1449,-185.003,8,614
355.382,921.762,19,615
-302.521,1321.97,15,616
-192.334,72.7585,12,617
1215.36,572.041,24,618
902.192,1378.35,17,619
-6.80745,-396.872,11,620
-380.098,576.464,10,621
-1489.81,310.556,17,622
437.919,-895.062,12,623
97.4365,-271.335,16,624
-6.51642,-105.471,14,625
-195.013,-612.011,21,626
-231.898,818.33,9,627
-555.277,-557.182,15,628
267.073,-625.374,13,629
-56.3904,-428.055,7,630
69.8135,1892.28,17,631
941.153,214.044,12,632
552.469,211.447,15,633
970.666,-1321.76,26,634
-1233.45,-819.005,13,635
304.268,-52.8116,18,636
-720.146,-747.11,19,637
899.479,-590.078,17,638
105.261,542.937,8,639
196.18,309.001,19,640
1063.23,-1680.04,22,641
1437.54,-669.646,16,642
161.172,342.353,11,643
16.0204,1261.5,12,644
605.44,88.1635,20,645
1567.17,369.872,13,646
196.432,223.901,14,647
-140.035,-622.759,19,648
-624.31,816.6,19,649
518.014,-1433.89,17,650
-862.352,-350.387,22,651
-358.856,213.562,9,652
698.507,-687.976,22,653
112.24,583.429,20,654
262.063,909.689,14,655
-40.8578,263.921,15,656
-259.079,-383.612,8,657
-905.101,-49.5947,19,658
-532.055,-253.331,11,659
344.017,556.075,9,660
283.37,339.48,9,661
-521.492,723.181,19,662
-172.076,164.979,13,663
-701.858,80.4033,10,664
1035.69,886.143,23,665
-305.557,193.849,19,666
-1804.99,708.944,14,667
217.747,-165.215,18,668
-505.781,-489.488,11,669
609.07,-351.031,10,670
-247.48,-220.346,11,671
366.992,411.46,15,672
963.622,-45.1284,20,673
-1539.18,-193.624,18,674
-778.019,-471.119,13,675
-92.1735,1076.8,17,676
545.123,-997.871,22,677
353.554,34.0645,14,678
637.798,331.494,12,679
284.819,-320.618,18,680
404.658,1352.73,22,681
-328.708,15.2499,14,682
-1422.57,-614.178,14,683
-107.652,-206.526,7,684
-362.442,-87.2705,7,685
397.837,-739.365,13,686
574.628,459.667,21,687
-229.508,145.62,8,688
-320.967,-116.824,11,689
-1213.95,585.345,13,690
-283.049,-468.688,21,691
-157.274,1772.42,16,692
-496.751,1191.94,24,693
1404.83,-1473.01,28,694
168.231,648.05,20,695
242.101,-44.825,9,696
6.75622,-441.519,9,697
-901.497,-213.35,9,698
-1074.71,435.874,17,699
-784.161,-176.334,10,700
-127.172,-410.578,8,701
-423.025,-677.656,22,702
-818.008,-506.281,22,703
1064.3,-942.4,13,704
291.773,-224.376,16,705
-506.777,-445.583,22,706
187.388,767.33,20,707
35.1507,-1002.41,13,708
423.32,-556.996,9,709
382.397,334.62,19,710
-1239.95,1159.71,18,711
1391.5,105.414,24,712
269.663,-1549.55,25,713
-691.712,-1154.28,12,714
353.326,-90.0437,18,715
-1710.57,339.133,21,716
141.509,908.791,14,717
-549.271,1205.61,18,718
-97.663,891.274,12,719
-1700.46,472.721,13,720
141.305,39.2901,7,721
257.139,-229.366,13,722
-337.192,-476.458,8,723
55.5253,-548.447,20,724
732.994,-427.011,21,725
274.121,1769.12,17,726
-534.764,909.316,15,727
841.304,107.281,17,728
-159.227,866.234,21,729
-329.053,-1160.43,19,730
-478.378,708.906,13,731
922.788,188.869,16,732
-842.931,-374.591,12,733
1121.64,362.081,17,734
380.456,879.698,9,735
511.022,-307.211,13,736
-66.3984,-126.479,18,737
380.172,716.115,15,738
-474.4,558.314,15,739
-131.905,-864.706,14,740
97.9325,-561.433,15,741
-204.524,-65.1561,7,742
-1527.42,-946.036,17,743
1880.83,1272.83,19,744
149.648,822.777,21,745
-928.764,-357.772,10,746
-622.674,-264.549,20,747
-489.522,398.665,9,748
807.062,1295.31,14,749
585.41,231.635,21,750
-719.759,558.859,14,751
1707.33,-534.172,20,752
-548.109,-459.235,17,753
117.287,-307.515,10,754
946.146,1147.31,16,755
-336.501,-193.025,12,756
278.199,-688.709,21,757
-139.111,1328.43,20,758
130.082,-1125.31,18,759
654.45,1681.99,20,760
147.048,677.833,11,761
-157.923,-924.12,15,762
636.935,-128.357,17,763
-762.072,-1162.51,21,764
-631.189,-597.399,17,765
-1067.86,1189.77,21,766
688.179,1889.89,23,767
-1327.11,1076.35,14,768
752.536,-94.6361,10,769
-132.599,-529.183,15,770
586.689,312.382,11,771
162.183,-1028.25,13,772
93.871,222.313,8,773
-1383.68,1179.03,21,774
-596.375,780.667,10,775
-149.375,905.976,16,776
1856.26,-68.0934,17,777
-50.1109,109.766,13,778
917.53,734.879,15,779
352.647,459.165,12,780
-485.277,984.183,23,781
-195.19,316.877,19,782
-283.468,23.0292,8,783
-343.347,-434.188,17,784
-500.198,-845.946,18,785
-1132.36,414.339,13,786
-833.939,-1224.64,22,787
-1495.75,-184.189,18,788
784.06,-1147.41,20,789
-1630.7,-7.18831,21,790
26.3075,-158.781,19,791
213.87,450.686,16,792
-825.992,957.043,13,793
-215.783,-207.839,13,794
-745.419,660.125,18,795
1758.12,-1182.2,28,796
-892.078,984.162,20,797
-97.6294,-603.699,15,798
99.7854,-941.483,10,799
1528.16,1195.97,17,800
265.753,970.415,22,801
878.544,245.294,10,802
720.061,-456.132,11,803
-1313.24,422.618,14,804
-930.625,442.58,15,805
167.56,238.162,18,806
205.802,360.766,9,807
-454.385,-195.78,8,808
1076.46,-1184.43,19,809
-931.038,-314.847,13,810
182.559,-266.051,11,811
-109.35,201.7,12,812
499.212,-40.3628,11,813
477.599,-386.701,12,814
686.573,-726.748,15,815
88.1233,-790.834,19,816
847.51,1044.65,13,817
397.372,-578.697,15,818
-232.499,849.074,11,819
-1255.15,-541.267,16,820
626.506,200.974,20,821
-1565.8,516.956,20,822
1780.54,1499.1,27,823
-755.226,-1401.93,22,824
30.5963,444.535,19,825
1197.9,-571.358,24,826
-164.819,1616.18,16,827
-1111.13,-537.252,24,828
616.75,-279.235,14,829
806.675,-348.245,21,830
-456.753,269.281,8,831
172.939,695.016,14,832
1083.62,382.329,19,833
487.545,-643.803,16,834
-501.38,227.791,13,835
698.62,-609.927,14,836
-759.663,226.952,9,837
-194.936,1284.42,23,838
-353.935,1319.97,12,839
-731.091,-571.632,16,840
8.55359,695.65,20,841
137.04,512.586,11,842
637.521,1206.31,22,843
-510.244,583.512,21,844
-314.86,-1634.95,24,845
-238.489,-324.015,13,846
-418.312,-1154.94,12,847
-31.0623,299.75,19,848
811.049,1158.18,14,849
-575.344,-122.659,10,850
697.52,119.613,9,851
-518.152,-211.26,18,852
244.235,41.0172,11,853
90.0121,-1206.6,23,854
483.361,497.271,16,855
-631.157,962.13,21,856
263.661,600.284,20,857
-450.047,-380.395,15,858
442.235,203.996,19,859
787.85,-1823.22,22,860
429.845,876.001,19,861
1370.55,-1563.07,18,862
-86.7907,1122.86,14,863
-725.757,-1664.02,20,864
443.649,-1931.66,25,865
528.598,-82.6691,19,866
1248.75,1236.96,25,867
-708.551,955.49,20,868
-419.218,-616.158,10,869
1301.49,-431.046,20,870
2005.78,-323.533,17,871
710.109,532.672,19,872
223.363,-754.349,11,873
-1047.59,387.907,20,874
-753.844,499.004,11,875
113.82,277.416,18,876
-1089.74,86.9467,19,877
-156.743,470.987,16,878
-556.271,-389.964,17,879
-329.889,1958.45,18,880
-640.379,-184.263,21,881
-350.213,-969.503,15,882
1197,48.5909,20,883
-278.401,541.598,9,884
774.719,986.591,21,885
-1078.8,-711.657,12,886
459.172,-277.222,18,887
-179.468,4.26619,6,888
-505.206,-304.812,14,889
-107.131,712.54,20,890
293.31,76.8719,9,891
-31.9669,-776.306,11,892
-766.434,-24.2856,18,893
-128.971,-1072.9,16,894
-377.855,-548.052,9,895
-1921.75,-82.3676,17,896
-6.01282,190.874,18,897
-1354.38,621.903,24,898
219.9,126.53,18,899
38.2986,-503.861,18,900
1179.02,1146.65,19,901
1158.27,-581.538,20,902
819.134,402.942,15,903
-588.549,-557.312,9,904
166.335,-399.527,7,905
1119.43,225.589,22,906
-399.781,820.04,19,907
-796.114,71.6739,9,908
-260.462,-430.797,17,909
-1303.53,276.5,19,910
-34.2736,-831.693,20,911
-68.3437,-314.303,14,912
504.155,685.116,17,913
-850.995,306.974,13,914
1900.18,-149.672,28,915
-196.15,412.699,19,916
812.916,1071.89,22,917
517.775,-157.172,12,918
356.706,1494.85,16,919
152.813,-533.539,20,920
465.546,-696.19,9,921
-0.140516,787.202,19,922
-657.517,107.282,15,923
-858.869,220.433,23,924
480.212,-556.63,22,925
526.714,-348.216,8,926
63.8299,640.156,22,927
316.889,-327.946,11,928
-664.657,1089.55,12,929
-1021.32,310.021,16,930
-710.171,1022.27,22,931
-372.564,-53.108,16,932
189.781,504.68,12,933
-378.349,362.873,8,934
-265.499,467.821,10,935
-629.498,-920.182,16,936
1939.06,222.471,22,937
520.493,-774.376,18,938
-1437.47,197.373,19,939
-242.278,343.007,10,940
-446.235,-132.428,11,941
631.409,-905.84,12,942
136.211,217.285,11,943
390.45,1616.14,22,944
-2152.17,-690.522,20,945
344.665,1007.08,21,946
1146.87,-839.143,19,947
-277.479,1501.5,16,948
2012.84,-133.897,28,949
929.299,-714.515,16,950
829.17,593.638,10,951
-165.716,-744.544,12,952
-33.433,-75.9375,13,953
1354.55,399.958,25,954
85.6649,1029.97,20,955
600.784,-709.445,11,956
14.9042,410.268,16,957
-239.042,-69.1788,15,958
742.556,671.265,20,959
199.082,-491.849,13,960
94.2749,968.938,13,961
-266.969,144.214,17,962
608.993,761.922,20,963
620.313,-1035.21,19,964
440.877,260.389,13,965
379.837,1232.53,16,966
992.96,462.884,12,967
-433.558,320.38,10,968
118.501,1488.43,16,969
-31.772,-524.93,19,970
-43.29,1512.86,15,971
-833.977,354.371,19,972
-1805.7,571.26,27,973
423.968,-91.3217,14,974
-590.805,-1142.62,21,975
459.714,-27.2468,20,976
-503.226,-588.658,19,977
-185.794,494.631,20,978
-89.3788,-170.233,12,979
-184.116,-175.819,16,980
1075.81,916.471,12,981
1185.03,-44.2495,17,982
-592.597,-1449.52,14,983
1511.59,373.283,14,984
84.7445,267.446,7,985
-790.651,-1143.67,14,986
-891.164,1104.91,13,987
13.8706,-348.224,17,988
212.59,863.137,18,989
719.497,-748.897,11,990
394.618,-68.6911,18,991
-394.391,1376.59,24,992
652.186,536.707,15,993
-291.794,1418.98,23,994
22.0659,1091.03,22,995
1516.86,-684.276,18,996
-856.852,-741.323,24,997
-733.935,619.177,14,998
1772.64,636.245,27,999
