from,to,lg,maxspeed,id
9,0,30,12,0
0,9,30,12,1
38,0,32,8,2
0,38,32,8,3
46,38,32,9,4
38,46,32,9,5
7,46,30,13,6
46,7,30,13,7
21,46,31,10,8
46,21,31,10,9
42,9,33,19,10
9,42,33,19,11
19,42,30,13,12
42,19,30,13,13
1,21,34,9,14
21,1,34,9,15
13,1,37,12,16
1,13,37,12,17
12,7,37,18,18
7,12,37,18,19
6,1,38,13,20
1,6,38,13,21
24,6,39,7,22
6,24,39,7,23
11,24,33,17,24
24,11,33,17,25
48,11,30,8,26
11,48,30,8,27
30,11,37,16,28
11,30,37,16,29
45,30,34,18,30
30,45,34,18,31
41,12,39,16,32
12,41,39,16,33
14,38,41,11,34
38,14,41,11,35
3,14,37,21,36
14,3,37,21,37
40,3,34,19,38
3,40,34,19,39
29,45,42,20,40
45,29,42,20,41
22,29,38,16,42
29,22,38,16,43
4,6,42,10,44
6,4,42,10,45
28,4,40,13,46
4,28,40,13,47
5,28,30,15,48
28,5,30,15,49
2,5,41,12,50
5,2,41,12,51
23,2,36,17,52
2,23,36,17,53
39,23,32,16,54
23,39,32,16,55
49,3,46,19,56
3,49,46,19,57
37,45,47,16,58
45,37,47,16,59
8,40,48,21,60
40,8,48,21,61
15,41,49,18,62
41,15,49,18,63
36,15,47,23,64
15,36,47,23,65
16,36,30,20,66
36,16,30,20,67
31,36,49,15,68
36,31,49,15,69
20,31,46,20,70
31,20,46,20,71
26,20,39,20,72
20,26,39,20,73
32,20,46,15,74
20,32,46,15,75
10,32,37,19,76
32,10,37,19,77
17,32,41,13,78
32,17,41,13,79
27,17,31,20,80
17,27,31,20,81
18,27,30,19,82
27,18,30,19,83
25,27,34,23,84
27,25,34,23,85
34,26,49,21,86
26,34,49,21,87
33,5,49,18,88
5,33,49,18,89
35,33,44,17,90
33,35,44,17,91
43,16,59,20,92
16,43,59,20,93
44,18,79,23,94
18,44,79,23,95
47,23,107,17,96
23,47,107,17,97
48,6,56,9,98
6,48,56,9,99
49,19,57,14,100
19,49,57,14,101
2,9,47,10,102
9,2,47,10,103
22,30,54,19,104
30,22,54,19,105
10,21,50,11,106
21,10,50,11,107
36,12,89,14,108
12,36,89,14,109
29,37,52,18,110
37,29,52,18,111
45,18,93,20,112
18,45,93,20,113
28,24,44,13,114
24,28,44,13,115
3,42,70,18,116
42,3,70,18,117
41,8,49,23,118
8,41,49,23,119
39,19,63,22,120
19,39,63,22,121
40,38,83,20,122
38,40,83,20,123
19,2,79,15,124
2,19,79,15,125
47,33,111,17,126
33,47,111,17,127
9,4,56,14,128
4,9,56,14,129
0,21,75,17,130
21,0,75,17,131
43,31,68,20,132
31,43,68,20,133
34,25,51,19,134
25,34,51,19,135
35,22,66,22,136
22,35,66,22,137
29,35,69,23,138
35,29,69,23,139
43,26,72,20,140
26,43,72,20,141
8,7,81,15,142
7,8,81,15,143
22,28,48,15,144
28,22,48,15,145
10,12,80,15,146
12,10,80,15,147
32,13,54,13,148
13,32,54,13,149
48,13,54,12,150
13,48,54,12,151
44,25,104,25,152
25,44,104,25,153
23,33,82,15,154
33,23,82,15,155
27,30,116,14,156
30,27,116,14,157
31,10,63,13,158
10,31,63,13,159
